<?xml version="1.0" encoding="UTF-8"?>
<project-private xmlns="http://www.netbeans.org/ns/project-private/1">
    <editor-bookmarks xmlns="http://www.netbeans.org/ns/editor-bookmarks/2" lastBookmarkId="0"/>
    <open-files xmlns="http://www.netbeans.org/ns/projectui-open-files/2">
        <group>
            <file>file:/D:/NetBeans-21/tugascrud/src/java/Controller/AdminDAO.java</file>
            <file>file:/D:/NetBeans-21/tugascrud/web/EditProduk.jsp</file>
            <file>file:/D:/NetBeans-21/tugascrud/src/java/Database/DBConnection.java</file>
            <file>file:/D:/NetBeans-21/tugascrud/web/ManageProduk.jsp</file>
        </group>
    </open-files>
</project-private>
